ugU_m2_h_N,ugU_m2_h_P,R_mgDOm2perH,logWA,microN_m2,ugU_micN_h_N,R_micN_h,RDA1,RDA2
1,0.6909379794368206,0.5090265849904125,0.8477891620201772,0.36197198937826974,0.6968831464047278,0.04036579740903938,0.8886347046778174,0.39395367931846986
0.6909379794368206,1,0.4689181692255954,0.5760386304543491,0.29096544880015374,0.45006312623557737,0.07810653410930081,0.83786434938191,0.2941890129075809
0.5090265849904125,0.4689181692255954,1,0.4547215340270252,0.34763251327519634,0.22903540615547271,0.4293944082910705,0.7885029782859052,-0.5710884464914369
0.8477891620201772,0.5760386304543491,0.4547215340270252,1,0.39618722820098146,0.5220978419867279,-0.03409158104030985,0.7593529798069041,0.3060250697628081
0.36197198937826974,0.29096544880015374,0.34763251327519634,0.39618722820098146,1,-0.41629948024742097,-0.6975189806185217,0.4008762866754436,-0.023263032518915917
0.6968831464047278,0.45006312623557737,0.22903540615547271,0.5220978419867279,-0.41629948024742097,1,0.5760115660344476,0.5583297358071808,0.40214746357968784
0.04036579740903938,0.07810653410930081,0.4293944082910705,-0.03409158104030985,-0.6975189806185217,0.5760115660344476,1,0.21647799507405507,-0.4140366025293501
0.8886347046778174,0.83786434938191,0.7885029782859052,0.7593529798069041,0.4008762866754436,0.5583297358071808,0.21647799507405507,1,0.048758634088873806
0.39395367931846986,0.2941890129075809,-0.5710884464914369,0.3060250697628081,-0.023263032518915917,0.40214746357968784,-0.4140366025293501,0.048758634088873806,1
